id,title,learning_outcome_id,created_at,updated_at
2,Specific and relevant information is accessed from appropriate sources,1,2023-04-03 05:38:54,2023-04-03 05:38:54
3,"Effective questioning, active listening and speaking skills are used to gather and convey information",1,2023-04-03 05:38:59,2023-04-03 05:38:59
4,Appropriate medium is used to transfer information and ideas,1,2023-04-03 05:39:09,2023-04-03 05:39:09
5,Appropriate non-verbal communication is used,1,2023-04-03 05:39:11,2023-04-03 05:39:11
6,Appropriate lines of communication with supervisors and colleagues are identified and followed,1,2023-04-03 05:39:14,2023-04-03 05:39:14
7,Defined workplace procedures for the location and storage of information are used,1,2023-04-03 05:39:16,2023-04-03 05:39:16
8,Personal interaction is carried out clearly and concisely,1,2023-04-03 05:39:20,2023-04-03 05:39:20
9,Simple conversations on familiar topics with work colleagues is participated,2,2023-04-03 05:39:31,2023-04-03 05:39:31
10,Simple verbal instructions or requests are responded to,2,2023-04-03 05:39:34,2023-04-03 05:39:34
11,Simple requests are made,2,2023-04-03 05:39:37,2023-04-03 05:39:37
12,Routine procedures are described,2,2023-04-03 05:39:41,2023-04-03 05:39:41
13,"Likes, dislikes and preferences are expressed",2,2023-04-03 05:39:44,2023-04-03 05:39:44
14,Different forms of expression in English is identified,2,2023-04-03 05:39:47,2023-04-03 05:39:47
15,Team meetings are attended on time,3,2023-04-03 05:39:58,2023-04-03 05:39:58
16,Own opinions are clearly expressed and those of others are listened to without interruption,3,2023-04-03 05:40:00,2023-04-03 05:40:00
17,Meeting inputs are consistent with the meeting purpose and established protocols,3,2023-04-03 05:40:05,2023-04-03 05:40:05
18,Workplace interactions are conducted in a courteous manner,3,2023-04-03 05:40:09,2023-04-03 05:40:09
19,Questions about simple routine workplace procedures and matters concerning working conditions of employment are asked and responded to,3,2023-04-03 05:40:13,2023-04-03 05:40:13
20,Meeting outcomes are interpreted and implemented,3,2023-04-03 05:40:15,2023-04-03 05:40:15
21,Range of forms relating to conditions of employment are completed accurately and legibly,4,2023-04-03 05:40:35,2023-04-03 05:40:35
22,Workplace data is recorded on standard workplace forms and documents,4,2023-04-03 05:40:38,2023-04-03 05:40:38
23,Basic mathematical processes are used for routine calculations,4,2023-04-03 05:40:41,2023-04-03 05:40:41
24,Errors in recording information on forms/documents are identified and properly acted upon,4,2023-04-03 05:40:43,2023-04-03 05:40:43
25,Reporting requirements to supervisor are completed according to organizational guidelines,4,2023-04-03 05:40:45,2023-04-03 05:40:45
26,The role and objective of the team is identified from available sources of information,5,2023-04-03 05:41:08,2023-04-03 05:41:08
27,"Team parameters, reporting relationships and responsibilities are identified from team discussions and appropriate external sources",5,2023-04-03 05:41:11,2023-04-03 05:41:11
29,Individual role and responsibilities within the team environment are identified,6,2023-04-03 05:42:52,2023-04-03 05:42:52
30,Roles and responsibility of other team members are identified and recognized,6,2023-04-03 05:42:55,2023-04-03 05:42:55
31,Reporting relationships within team and external to team are identified,6,2023-04-03 05:42:58,2023-04-03 05:42:58
32,Effective and appropriate forms of communication used and interactions undertaken with team members who contribute to known team activities and objectives,7,2023-04-03 05:43:16,2023-04-03 05:43:16
33,"Effective and appropriate contributions made to complement team activities and objectives, based on individual skills and competencies and workplace context
Observed protocols in reporting using standard operating procedures",7,2023-04-03 05:43:20,2023-04-03 05:43:20
34,Observed protocols in reporting using standard operating procedures,7,2023-04-03 05:43:27,2023-04-03 05:43:27
35,Contribute to the development of team work plans based on an understanding of team’s role and objectives and individual competencies of the members,7,2023-04-03 05:43:30,2023-04-03 05:43:30
36,Information is communicated clearly and in concise manner using appropriate communication techniques,8,2023-04-03 05:43:51,2023-04-03 05:43:51
37,Relationships are established and maintained effectively with colleagues,8,2023-04-03 05:43:55,2023-04-03 05:43:55
38,Work activities are performed within the team to ensure achievement of team goals,8,2023-04-03 05:43:56,2023-04-03 05:43:56
39,"Customers and colleagues from diverse backgrounds are communicated with, in all verbal and nonverbal forms",9,2023-04-03 05:44:16,2023-04-03 05:44:16
40,"Cross cultural misunderstanding are dealt with, taking account of cultural considerations",9,2023-04-03 05:44:19,2023-04-03 05:44:19
41,Personal growth and work plans are pursued towards improving the qualifications set for the profession,10,2023-04-03 05:44:47,2023-04-03 05:44:47
42,Intra and interpersonal relationships are maintained in the course of managing oneself based on performance evaluation,10,2023-04-03 05:44:50,2023-04-03 05:44:50
43,Commitment to the organization and its goal is demonstrated in the performance of duties,10,2023-04-03 05:44:52,2023-04-03 05:44:52
44,"Competing demands are prioritized to achieve personal, team and organizational goals and objectives",11,2023-04-03 05:45:08,2023-04-03 05:45:08
45,Resources are utilized efficiently and effectively to manage work priorities and commitments,11,2023-04-03 05:45:12,2023-04-03 05:45:12
46,Practices along economic use and maintenance of equipment and facilities are followed as per established procedures,11,2023-04-03 05:45:14,2023-04-03 05:45:14
47,Trainings and career opportunities are identified and availed of based on job requirements,12,2023-04-03 05:45:24,2023-04-03 05:45:24
48,Recognitions are sought/received and demonstrated as proof of career advancement,12,2023-04-03 05:45:27,2023-04-03 05:45:27
49,Licenses and/or certifications relevant to job and career are obtained and renewed,12,2023-04-03 05:45:29,2023-04-03 05:45:29
50,Safety regulations and workplace safety and hazard control practices and procedures are clarified and explained based on organization procedures,13,2023-04-03 05:46:20,2023-04-03 05:46:20
51,"Hazards/risks in the workplace and their corresponding indicators are identified to minimize or eliminate risk to co-workers, workplace and environment in accordance with organizational procedures",13,2023-04-03 05:46:23,2023-04-03 05:46:23
52,"Contingency measures during workplace accidents, fire and other emergencies are recognized and established in accordance with organization procedures",13,2023-04-03 05:46:28,2023-04-03 05:46:28
53,Terms of maximum tolerable limits which when exceeded will result in harm or damage are identified based on threshold limit values (TLV),14,2023-04-03 05:46:38,2023-04-03 05:46:38
54,Effects of the hazards are determined,14,2023-04-03 05:46:45,2023-04-03 05:46:45
55,OHS issues and/or concerns are identified safety hazards are reported to designated personnel in accordance with workplace requirements and relevant workplace OHS legislation,14,2023-04-03 05:46:48,2023-04-03 05:46:48
56,Occupational Health and Safety (OHS) procedures for controlling hazards/risks in workplace are consistently followed,15,2023-04-03 05:46:59,2023-04-03 05:46:59
57,"Procedures for dealing with workplace accidents, fire and emergencies are followed in accordance with organization OHS policies",15,2023-04-03 05:47:02,2023-04-03 05:47:02
58,Personal protective equipment is correctly used in accordance with organization OHS procedures and practices,15,2023-04-03 05:47:04,2023-04-03 05:47:04
59,Appropriate assistance is provided in the event of a workplace emergency in accordance with established organization protocol,15,2023-04-03 05:47:06,2023-04-03 05:47:06
60,Emergency-related drills and training are participated in as per established organization guidelines and procedures,16,2023-04-03 05:47:16,2023-04-03 05:47:16
61,OHS personal records are completed and updated in accordance with workplace requirements,16,2023-04-03 05:47:19,2023-04-03 05:47:19
62,Situation is assessed in accordance with accepted practice,17,2023-04-03 05:47:27,2023-04-03 05:47:27
63,Basic first-aid techniques is applied in accordance with established first-aid procedures and enterprise policy,17,2023-04-03 05:47:29,2023-04-03 05:47:29
64,Details of the incident is communicated in a timely manner according to enterprise policy,17,2023-04-03 05:47:31,2023-04-03 05:47:31
65,Sources of information on the industry are correctly identified and accessed,18,2023-04-03 05:48:12,2023-04-03 05:48:12
66,Information to assist effective work performance is obtained in line with job requirements,18,2023-04-03 05:48:15,2023-04-03 05:48:15
67,Specific information on sector of work is accessed and updated,18,2023-04-03 05:48:18,2023-04-03 05:48:18
68,Industry information is correctly applied to day-to-day work activities,18,2023-04-03 05:48:20,2023-04-03 05:48:20
69,Informal and/or formal research is used to update general knowledge of the industry,19,2023-04-03 05:48:28,2023-04-03 05:48:28
70,Updated knowledge is shared with customers and colleagues as appropriate and incorporated into day-to-day working activities,19,2023-04-03 05:48:30,2023-04-03 05:48:30
71,Local knowledge is developed to assist queries on local/national tourism industry,20,2023-04-03 05:48:48,2023-04-03 05:48:48
72,Local knowledge is updated using information and/or form research,20,2023-04-03 05:48:51,2023-04-03 05:48:51
73,Contact with local communities is maintained,20,2023-04-03 05:48:55,2023-04-03 05:48:55
74,Promotional initiatives are described that may be used to promote products and services,21,2023-04-03 05:49:05,2023-04-03 05:49:05
75,Selling skills are applied accordion to customer needs,21,2023-04-03 05:49:09,2023-04-03 05:49:09
76,Workplace hygiene procedures are implemented in line with enterprise and legal requirements,22,2023-04-03 05:49:35,2023-04-03 05:49:35
77,Handling and storage of items are undertaken in line with enterprise and legal requirements,22,2023-04-03 05:49:39,2023-04-03 05:49:39
78,Potential hygiene risks are identified in line with enterprise procedures,23,2023-04-03 05:49:58,2023-04-03 05:49:58
79,Action to minimize and remove risks are taken within scope of individual responsibility of enterprise/legal requirements,23,2023-04-03 05:50:01,2023-04-03 05:50:01
80,Hygiene risks beyond the control of individual staff members are reported to the appropriate person for follow up,23,2023-04-03 05:50:03,2023-04-03 05:50:03
81,Requirements of tasks are determined,24,2023-04-03 05:50:35,2023-04-03 05:50:35
82,Appropriate hardware and software is selected according to task assigned and requirement outcome,24,2023-04-03 05:50:37,2023-04-03 05:50:37
83,Task is planned to ensure OH & S guidelines and procedures are followed,24,2023-04-03 05:50:40,2023-04-03 05:50:40
84,Data are entered into the computer using appropriate program/application in accordance with company procedures,25,2023-04-03 05:50:53,2023-04-03 05:50:53
85,Accuracy of information is checked and information is saved in accordance with standard operating procedures,25,2023-04-03 05:50:55,2023-04-03 05:50:55
86,Inputted data are stored in storage media according to requirements,25,2023-04-03 05:50:59,2023-04-03 05:50:59
87,Work is performed within ergonomic guidelines,25,2023-04-03 05:51:01,2023-04-03 05:51:01
88,Correct program/application is selected based on job requirements,26,2023-04-03 05:51:18,2023-04-03 05:51:18
89,Program/application containing the information required is accessed according to company procedures,26,2023-04-03 05:51:21,2023-04-03 05:51:21
90,"Desktop icons are correctly selected, opened and closed for navigation purposes",26,2023-04-03 05:51:24,2023-04-03 05:51:24
91,Keyboard techniques are carried out in line with OH & S requirements for safe use of keyboards,26,2023-04-03 05:51:28,2023-04-03 05:51:28
92,Entered data are processed using appropriate software commands,27,2023-04-03 05:51:38,2023-04-03 05:51:38
93,Data are printed out as required using computer hardware/peripheral devices in accordance with standard operating procedures,27,2023-04-03 05:51:41,2023-04-03 05:51:41
94,"Files and data are transferred between compatible systems using computer software, hardware/peripheral devices in accordance with standard operating procedures",27,2023-04-03 05:51:44,2023-04-03 05:51:44
95,"Systems for cleaning, minor maintenance and replacement of consumables are implemented",28,2023-04-03 05:52:01,2023-04-03 05:52:01
96,"Procedures for ensuring security of data, including regular back-ups and virus checks are implemented in accordance with standard operating procedures",28,2023-04-03 05:52:04,2023-04-03 05:52:04
97,Basic file maintenance procedures are implemented in line with the standard operating procedures,28,2023-04-03 05:52:07,2023-04-03 05:52:07
98,Document systems are maintained,28,2023-04-03 05:52:09,2023-04-03 05:52:09
99,"Correct health, safety and security procedures are followed in line with legislation, regulations and enterprise procedures",29,2023-04-03 05:52:50,2023-04-03 05:52:50
100,"Breaches of health, safety and security procedures are identified and reported in line with enterprise procedure",29,2023-04-03 05:52:56,2023-04-03 05:52:56
101,Suspicious behavior or unusual occurrence are reported in line with enterprise procedure,29,2023-04-03 05:52:59,2023-04-03 05:52:59
102,Issue of sexual exploitation of children is identified,30,2023-04-03 05:53:11,2023-04-03 05:53:11
103,"National, regional and international actions are described to prevent the sexual exploitation of children",30,2023-04-03 05:53:14,2023-04-03 05:53:14
104,Actions that can be taken in the workplace are described to protect children,30,2023-04-03 05:53:17,2023-04-03 05:53:17
105,Areas and people who require observation and monitoring is prepared,31,2023-04-03 05:53:28,2023-04-03 05:53:28
106,Observation and monitoring activities are implemented,31,2023-04-03 05:53:33,2023-04-03 05:53:33
107,Apprehension of offenders are determined,31,2023-04-03 05:53:42,2023-04-03 05:53:42
108,Offenders are arrested according to enterprise procedures,31,2023-04-03 05:53:49,2023-04-03 05:53:49
109,Administrative responsibilities are fulfilled,31,2023-04-03 05:53:52,2023-04-03 05:53:52
110,Emergency and potential emergency situations are recognized and appropriate action are taken within individual’s scope of responsibility,32,2023-04-03 05:54:03,2023-04-03 05:54:03
111,Emergency procedures are followed in line with enterprise procedures,32,2023-04-03 05:54:06,2023-04-03 05:54:06
112,Assistance is sought from colleagues to resolve or response to emergency situations,32,2023-04-03 05:54:09,2023-04-03 05:54:09
113,Details of emergency situations are reported in line with enterprise procedures,32,2023-04-03 05:54:12,2023-04-03 05:54:12
114,Safe personal standards are identified and followed in line with enterprise requirements,33,2023-04-03 05:54:22,2023-04-03 05:54:22
116,Customers are greeted according to enterprise procedure,34,2023-04-03 06:15:30,2023-04-03 06:15:30
117,Verbal and non-verbal communications are appropriate to the given situation,34,2023-04-03 06:15:32,2023-04-03 06:15:32
118,Non verbal communication are observed when responding to customers,34,2023-04-03 06:15:35,2023-04-03 06:15:35
119,Sensitivity to cultural and social differences is demonstrated,34,2023-04-03 06:15:38,2023-04-03 06:15:38
120,Appropriate interpersonal skills are used to ensure that customer needs are accurately identified,35,2023-04-03 06:15:53,2023-04-03 06:15:53
121,Customer needs are assessed for urgency so that priority for service delivery can be identified,35,2023-04-03 06:15:56,2023-04-03 06:15:56
122,Customers are provided with information,35,2023-04-03 06:15:59,2023-04-03 06:15:59
123,Personal limitation in addressing customer and colleague needs is identified and where appropriate assistance is sought from supervisor,35,2023-04-03 06:16:02,2023-04-03 06:16:02
124,Customer needs are promptly attended to in line with enterprise procedure,36,2023-04-03 06:16:15,2023-04-03 06:16:15
125,Appropriate rapport is maintained with customer to enable high quality service delivery,36,2023-04-03 06:16:17,2023-04-03 06:16:17
126,Opportunity to enhance the quality of service and products are taken wherever possible,36,2023-04-03 06:16:19,2023-04-03 06:16:19
127,Common business tools and technology are used efficiently to determine customer requirements,37,2023-04-03 06:16:38,2023-04-03 06:16:38
128,Queries/information are recorded in line with enterprise procedure,37,2023-04-03 06:16:42,2023-04-03 06:16:42
129,Queries are acted upon promptly and correctly in line with enterprise procedure,37,2023-04-03 06:16:45,2023-04-03 06:16:45
130,Guests are greeted with a smile and eye-to-eye contact,38,2023-04-03 06:17:06,2023-04-03 06:17:06
131,Responsibility for resolving the complaint is taken with limit of responsibility and according to enterprise policy,38,2023-04-03 06:17:09,2023-04-03 06:17:09
132,Nature and details of complaint are established and agreed with the customer,38,2023-04-03 06:17:12,2023-04-03 06:17:12
133,"Inquiries are answered promptly, clearly and accurately",39,2023-04-03 06:17:42,2023-04-03 06:17:42
134,Pertinent questions are asked to complete the details of the reservations,39,2023-04-03 06:17:45,2023-04-03 06:17:45
135,Reservations data are recorded on forms accurately based on establishment’s standards,39,2023-04-03 06:17:47,2023-04-03 06:17:47
136,Details of the reservations are repeated back and confirmed with the party making the reservation,39,2023-04-03 06:17:49,2023-04-03 06:17:49
137,Additional information about the food service establishment is provided when necessary,39,2023-04-03 06:17:52,2023-04-03 06:17:52
138,Service or waiter’s stations are stocked with supplies necessary for service,40,2023-04-03 06:18:02,2023-04-03 06:18:02
139,"All tableware and dining room equipment are cleaned, wiped and put in their proper places",40,2023-04-03 06:18:04,2023-04-03 06:18:04
140,Special tent cards and similar special displays are put up for promotion,40,2023-04-03 06:18:07,2023-04-03 06:18:07
141,"Cleanliness and conditions of all tables, tableware and dining room equipment are checked",40,2023-04-03 06:18:09,2023-04-03 06:18:09
142,Water pitchers and ice buckets are filled,40,2023-04-03 06:18:13,2023-04-03 06:18:13
143,"Electrical appliances or equipment like coffee pots, tea pots, plate warmers, etc. In the dining area are turned on and kept ready",40,2023-04-03 06:18:16,2023-04-03 06:18:16
144,Condiments and sauce bottles are refilled and the necks and tops of the bottles are wiped clean and dry,40,2023-04-03 06:18:18,2023-04-03 06:18:18
145,Tables are set according to the standards of the food service establishment,41,2023-04-03 06:18:27,2023-04-03 06:18:27
146,"In cases where the menu is pre-arranged or fixed, covers are set correctly according to the predetermined menu",41,2023-04-03 06:18:31,2023-04-03 06:18:31
147,Tableware and glassware are wiped and polished before they are set up on the table,41,2023-04-03 06:18:34,2023-04-03 06:18:34
148,Cloth napkins are folded properly and laid on the table appropriately according to napkin folding style,41,2023-04-03 06:18:36,2023-04-03 06:18:36
149,"Buffet or display tables are skirted properly taking into account symmetry, balance and harmony in size and design",41,2023-04-03 06:18:38,2023-04-03 06:18:38
150,Lights are adjusted according to the time of the day,42,2023-04-03 06:18:52,2023-04-03 06:18:52
151,"Tables, chairs, and other dining room furniture are arranged to ensure comfort and convenience of the guests",42,2023-04-03 06:18:54,2023-04-03 06:18:54
152,Appropriate music is played when applicable,42,2023-04-03 06:18:56,2023-04-03 06:18:56
153,Floors/carpets are cleaned and made sure are dry,42,2023-04-03 06:18:59,2023-04-03 06:18:59
154,Air-condition or cooling units are adjusted for the comfort of the guest,42,2023-04-03 06:19:01,2023-04-03 06:19:01
155,Decorations are set-up according to theme or concept of the dining room,42,2023-04-03 06:19:05,2023-04-03 06:19:05
156,Guests are acknowledged as soon as they arrive,43,2023-04-03 06:19:34,2023-04-03 06:19:34
157,Guests are greeted with an appropriate welcome,43,2023-04-03 06:19:36,2023-04-03 06:19:36
158,Details of reservations are checked based on established standard policy,43,2023-04-03 06:19:38,2023-04-03 06:19:38
159,Guests are escorted and seated according to table allocations,44,2023-04-03 06:19:53,2023-04-03 06:19:53
160,Tables are utilized according to the number of party,44,2023-04-03 06:19:56,2023-04-03 06:19:56
161,Guests are seated evenly among stations to control the traffic flow of guests in the dining room,44,2023-04-03 06:19:59,2023-04-03 06:19:59
162,Cloth napkins are opened for the guests when applicable,44,2023-04-03 06:20:01,2023-04-03 06:20:01
163,"Water is served when applicable, according to the standards of the food service facility",44,2023-04-03 06:20:03,2023-04-03 06:20:03
164,Guests are presented with the menu according to established standard practice,45,2023-04-03 06:20:15,2023-04-03 06:20:15
165,Orders are taken completely in accordance with the establishment’s standard procedures,45,2023-04-03 06:20:17,2023-04-03 06:20:17
166,Special requests and requirements are noted accurately,45,2023-04-03 06:20:19,2023-04-03 06:20:19
167,Orders are repeated back to the guests to confirm items,45,2023-04-03 06:20:21,2023-04-03 06:20:21
168,Tableware and cutlery appropriate for the menu choices are provided and adjusted in accordance with establishment procedures,45,2023-04-03 06:20:23,2023-04-03 06:20:23
169,Orders are placed and sent to the kitchen promptly,46,2023-04-03 06:20:34,2023-04-03 06:20:34
170,Quality of food is checked in accordance with establishment standards,46,2023-04-03 06:20:36,2023-04-03 06:20:36
171,"Tableware is checked for chips, marks, cleanliness, spill, and drips",46,2023-04-03 06:20:41,2023-04-03 06:20:41
172,Plates and/or trays are carried out safely,46,2023-04-03 06:20:44,2023-04-03 06:20:44
173,Colleagues are advised promptly regarding readiness of items for service,46,2023-04-03 06:20:46,2023-04-03 06:20:46
174,"Information about special requests, dietary or cultural requirements is relayed accurately to kitchen where appropriate",46,2023-04-03 06:20:49,2023-04-03 06:20:49
175,Work technology are observed according to establishment standard policy and procedures,46,2023-04-03 06:20:51,2023-04-03 06:20:51
176,Names and pronunciations of dishes in the menu are mastered,47,2023-04-03 06:21:16,2023-04-03 06:21:16
177,Ingredients of dishes are memorized,47,2023-04-03 06:21:19,2023-04-03 06:21:19
178,Sauces and accompaniments are known by heart,47,2023-04-03 06:21:21,2023-04-03 06:21:21
179,Description of every item in the menu are studied,47,2023-04-03 06:21:25,2023-04-03 06:21:25
180,Common food allergens are mastered to prevent serious health consequences,47,2023-04-03 06:21:28,2023-04-03 06:21:28
181,Information about the food items are provided in clear explanations and descriptions,48,2023-04-03 06:21:36,2023-04-03 06:21:36
182,Items on specials or promos are offered to assist guest with food and beverage selections,48,2023-04-03 06:21:38,2023-04-03 06:21:38
183,Name of specific menu items are suggested to guests rather than just mentioning general categories in the menu to help them make the choice and know what they want,48,2023-04-03 06:21:42,2023-04-03 06:22:11
184,Standard food and beverage pairings are recommended,48,2023-04-03 06:22:26,2023-04-03 06:22:26
185,Several choices are given to provide more options to guests,48,2023-04-03 06:22:29,2023-04-03 06:22:29
186,Descriptive words are used while explaining the dished to make it more tempting and appetizing,48,2023-04-03 06:22:31,2023-04-03 06:22:31
187,Suggestive selling is carried out discreetly so as not to be too pushy or too aggressive,48,2023-04-03 06:22:33,2023-04-03 06:22:33
188,Slow moving but highly profitable items are suggested to increase guest check,49,2023-04-03 06:22:48,2023-04-03 06:22:48
189,Second servings of items ordered are offered,49,2023-04-03 06:22:50,2023-04-03 06:22:50
190,Food portion or sizes is mentioned for possible adjustments with the orders,49,2023-04-03 06:22:53,2023-04-03 06:22:53
191,New items are recommended to regular guests to encourage them to ry other items in the menu,49,2023-04-03 06:22:56,2023-04-03 06:22:56
192,Food orders are picked up promptly from service areas,50,2023-04-03 06:23:54,2023-04-03 06:23:54
193,Food orders are checked for presentation and appropriate garnish and accompaniments,50,2023-04-03 06:23:56,2023-04-03 06:23:56
194,Food orders are served to the guests who ordered them,50,2023-04-03 06:23:59,2023-04-03 06:23:59
195,Food orders are served and cleared with minimal disturbance to the other guests and in accordance to hygienic requirements,50,2023-04-03 06:24:01,2023-04-03 06:24:01
196,Food orders are served in accordance with the enterprise serving style standards,50,2023-04-03 06:24:04,2023-04-03 06:24:04
197,Name of the dish or order is mentioned upon serving the guest,50,2023-04-03 06:24:06,2023-04-03 06:24:06
198,Sequence of service and meal delivery is monitored in accordance with enterprise procedures,50,2023-04-03 06:24:09,2023-04-03 06:24:09
199,Additional requests or needs of the guests are anticipated,51,2023-04-03 06:24:20,2023-04-03 06:24:20
200,Additional food and beverage are offered and served at the appropriate times,51,2023-04-03 06:24:23,2023-04-03 06:24:23
201,Necessary condiments and appropriate tableware are provided based on the food order,51,2023-04-03 06:24:25,2023-04-03 06:24:25
202,Delays or deficiencies in the service are recognized and followed up promptly based on enterprise policy,51,2023-04-03 06:24:27,2023-04-03 06:24:27
203,The “3-minute check” is conducted to check guest’s satisfaction,51,2023-04-03 06:24:31,2023-04-03 06:24:31
204,Children and guests with special needs are treated with extra attention and care,51,2023-04-03 06:24:33,2023-04-03 06:24:33
205,Serviceware are prepared and checked for completeness ahead of time,52,2023-04-03 06:24:43,2023-04-03 06:24:43
206,Tables and chairs are set up in accordance with the event requirements,52,2023-04-03 06:24:46,2023-04-03 06:24:46
207,Food is served according to general service principles,52,2023-04-03 06:24:51,2023-04-03 06:24:51
208,Food is handled based on food safety procedures,52,2023-04-03 06:24:54,2023-04-03 06:24:54
209,Coordinated service of meal courses is ensured,52,2023-04-03 06:25:01,2023-04-03 06:25:01
210,Assigned areas are kept clean in  accordance with enterprise procedures,52,2023-04-03 06:25:05,2023-04-03 06:25:05
211,Tables are cleared and soiled dishes prepared to be brought for dishwashing after the event or function,52,2023-04-03 06:25:12,2023-04-03 06:25:12
212,Number of guests being served is noted and monitored,52,2023-04-03 06:25:14,2023-04-03 06:25:14
213,Beverage orders are picked up promptly from the bar,53,2023-04-03 06:25:24,2023-04-03 06:25:24
214,Beverage orders are checked for presentation and appropriate garnished,53,2023-04-03 06:25:27,2023-04-03 06:25:27
215,Beverages are served at appropriate times during meal,53,2023-04-03 06:25:30,2023-04-03 06:25:30
216,Beverages are served efficiently according to established standards of service,53,2023-04-03 06:25:32,2023-04-03 06:25:32
217,Beverages are served at the right temperature,53,2023-04-03 06:25:35,2023-04-03 06:25:35
218,"For full bottle wine orders, wine is opened efficiently with minimal disturbance to the other guests",53,2023-04-03 06:25:37,2023-04-03 06:25:37
219,Wine service is carried out in accordance with establishment procedures,53,2023-04-03 06:25:40,2023-04-03 06:25:40
220,Coffee and/or tea service is carried out in accordance with establishment procedure,53,2023-04-03 06:25:41,2023-04-03 06:25:41
221,Bills are prepared and processed accurately in coordination with cashier,54,2023-04-03 06:25:51,2023-04-03 06:25:51
222,Amount due is verified with customer,54,2023-04-03 06:25:53,2023-04-03 06:25:53
223,Cash and non-cash payments are accepted and receipts are issued,54,2023-04-03 06:25:57,2023-04-03 06:25:57
224,Change are given as required,54,2023-04-03 06:25:59,2023-04-03 06:25:59
225,Required documentation is completed in accordance with enterprise policy,54,2023-04-03 06:26:02,2023-04-03 06:26:02
226,Soiled dishes are removed when guests are finished with the meal,55,2023-04-03 06:26:10,2023-04-03 06:26:10
227,Food scraps are handled in accordance with hygiene regulations and enterprise procedures,55,2023-04-03 06:26:13,2023-04-03 06:26:13
228,Equipment are cleaned and stored in accordance with hygiene regulations and enterprise procedures,55,2023-04-03 06:26:15,2023-04-03 06:26:15
229,"Tables are cleared, reset and made ready for the next sitting when guests are finished with the meal",55,2023-04-03 06:26:17,2023-04-03 06:26:17
230,Guests are thanked and given a warm farewell,55,2023-04-03 06:26:19,2023-04-03 06:26:19
231,Electrical equipment are turned off where appropriate,55,2023-04-03 06:26:22,2023-04-03 06:26:22
232,Levels of intoxication of customers are determined,56,2023-04-03 06:26:30,2023-04-03 06:26:30
233,Difficult situations are referred to an appropriate person,56,2023-04-03 06:26:32,2023-04-03 06:26:32
234,Appropriate procedures are applied to the situation and in accordance with enterprise policy,56,2023-04-03 06:26:34,2023-04-03 06:26:34
235,Legislative requirements are applied,56,2023-04-03 06:26:36,2023-04-03 06:26:36
236,Telephone call is answered promptly and courteously in accordance with customer service standards,57,2023-04-03 06:27:09,2023-04-03 06:27:09
237,Guest’s name is checked and used throughout the interaction,57,2023-04-03 06:27:12,2023-04-03 06:27:12
238,"Details of orders are clarified, repeated and checked with guests for accuracy",57,2023-04-03 06:27:14,2023-04-03 06:27:14
239,Suggestive selling techniques are used,57,2023-04-03 06:27:18,2023-04-03 06:27:18
240,Guests are advised of approximate time of delivery,57,2023-04-03 06:27:20,2023-04-03 06:27:20
241,Relevant information are recorded and checked in accordance with establishment policy and procedures,57,2023-04-03 06:27:22,2023-04-03 06:27:22
242,Room service orders received from doorknob dockets are interpreted accurately,57,2023-04-03 06:27:25,2023-04-03 06:27:25
243,Orders are promptly transferred and relayed to appropriate location for preparation,57,2023-04-03 06:27:27,2023-04-03 06:27:27
244,Room service equipment and supplies are prepared in accordance with establishment procedures,58,2023-04-03 06:27:35,2023-04-03 06:27:35
245,Proper room service equipment and supplies are selected and checked for cleanliness and condition,58,2023-04-03 06:27:37,2023-04-03 06:27:37
246,"Trays and trolleys are set up keeping in mind balance, safety and attractiveness",58,2023-04-03 06:27:39,2023-04-03 06:27:39
247,Room service trays or trolleys are set up according to the food and beverage ordered,58,2023-04-03 06:27:41,2023-04-03 06:27:41
248,Orders are checked before leaving the kitchen for delivery,58,2023-04-03 06:27:43,2023-04-03 06:27:43
249,Food items are covered during transportation to the room,58,2023-04-03 06:27:45,2023-04-03 06:27:45
250,The guest’s name is verified on the bill before announcing the staff’s presence outside the door,59,2023-04-03 06:27:55,2023-04-03 06:27:55
251,Guests are greeted politely in accordance with the establishment’s service procedures,59,2023-04-03 06:27:58,2023-04-03 06:27:58
252,Guests are asked where they want the tray or trolley positioned,59,2023-04-03 06:28:01,2023-04-03 06:28:01
253,Food orders are delivered on the time desired by the guest,59,2023-04-03 06:28:03,2023-04-03 06:28:03
254,Guests’ accounts are checked for accuracy and presented in accordance with establishment procedures,60,2023-04-03 06:28:12,2023-04-03 06:28:12
255,Cash payments for processing in accordance with establishment guidelines,60,2023-04-03 06:28:15,2023-04-03 06:28:15
256,"For charge account,s guests are asked to sign the bills",60,2023-04-03 06:28:17,2023-04-03 06:28:17
257,Procedure to take away the tray or trolley when the guests have finished their meal is explained,61,2023-04-03 06:28:25,2023-04-03 06:28:25
258,Floors are checked and cleared in accordance with establishment policy and guidelines,61,2023-04-03 06:28:26,2023-04-03 06:28:26
259,Dirty trays are cleared in accordance with the establishment’s procedure,61,2023-04-03 06:28:29,2023-04-03 06:28:29
260,Trays and trolleys are cleaned and return to the room service area,61,2023-04-03 06:28:33,2023-04-03 06:28:33
261,The entire story or issue of concern is obtained from the guest without interruption,62,2023-04-03 06:29:02,2023-04-03 06:29:02
262,Details of the guest complaint or concern are noted,62,2023-04-03 06:29:04,2023-04-03 06:29:04
263,Full attention is given to the complaining guest,62,2023-04-03 06:29:06,2023-04-03 06:29:06
264,Guest complain is paraphrased to determine if the concern is correctly understood,62,2023-04-03 06:29:08,2023-04-03 06:29:08
265,Sincere apology is offered for the disservice,63,2023-04-03 06:29:16,2023-04-03 06:29:16
266,Empathy is shown to the guest to show genuine concern and consideration,63,2023-04-03 06:29:19,2023-04-03 06:29:19
267,Excuses or blaming others are avoided,63,2023-04-03 06:29:21,2023-04-03 06:29:21
268,Gratitude is expressed to the guest for bringing the matter up for attention,63,2023-04-03 06:29:24,2023-04-03 06:29:24
269,Appropriate action is taken regarding the guest’s concerns,64,2023-04-03 06:29:31,2023-04-03 06:29:31
270,The right person or department who can solve the problem is informed for proper action,64,2023-04-03 06:29:33,2023-04-03 06:29:33
271,Difficult situations or serious concerns are elevated or referred to higher authority,64,2023-04-03 06:29:35,2023-04-03 06:29:35
272,Problem is followed-up to check whether it solved or not,64,2023-04-03 06:29:37,2023-04-03 06:29:37
273,Complaints are documented according to the establishment standard procedures,65,2023-04-03 06:29:49,2023-04-03 06:29:49
274,Persons concerned are recognized and actions taken are recorded,65,2023-04-03 06:29:51,2023-04-03 06:29:51
275,Feedback received from guests is logged and collated,65,2023-04-03 06:29:54,2023-04-03 06:29:54
